序號,管理委員會,建築物地址
1,一品苑社區管理委員會,中壢區大圳路
2,領袖歐洲社區管理委員會,中壢區芝芭里1鄰
3,雄利社區管理負責人,中壢區後寮一路
4,百老匯宮庭大樓,中壢區九和一街
5,海華巴黎廣場大廈,中壢區九和一街
6,世紀宮廷,中壢區九和一街
7,慈惠大樓管理負責人,中壢區九和二街
8,雅典宮廷大廈,中壢區九和三街
9,伯爵山莊社區管理負責人,中壢區三友新村
10,三友新村社區,中壢區三友新村
11,天美央大我居社區住戶管理委員會,中壢區三民里10鄰
12,富比仕社區管理委員會,中壢區三民路一段
13,宏基大樓,中壢區三光路
14,法國賞社區管理委員會,中壢區三光路
15,市說新語社區,中壢區三光路
16,中央企業大樓,中壢區三光路
17,永勝公寓大廈管理負責人 曾隆貴,中壢區大仁一街
18,柏德公園劍橋社區,中壢區大仁二街
19,哈佛林A區公寓大廈,中壢區大仁五街
20,中原凱悅A棟社區管理委員會,中壢區大仁街
21,萬緣樓公寓大廈管理負責人,中壢區大仁街
22,中原凱悅管理委員會,中壢區大仁街
23,豪仕登,中壢區大享街
24,天籟園邸社區管理委員會,中壢區大享街
25,大享別莊,中壢區大享街
26,國立中央大學學人宿舍(北村E棟)管理負責人,中壢區大享街一段
27,中大拾翠社區管理委員會,中壢區大享街一段
28,中大隨筆社區管理委員會,中壢區大享路
29,中山凱悅社區,中壢區大勇二街
30,牛津雙星大樓,中壢區大勇三街
31,依莎君典社區管理委員會,中壢區大勇四街
32,小富翁大學城社區管理委員會,中壢區大智街
33,勤學樓管理負責人楊玉燕,中壢區大華路
34,富貴新人大廈,中壢區大華路
35,大華新廈,中壢區大華路
36,陽光儷水社區,中壢區大德街
37,城寶公寓大廈管理委員會,中壢區山東路
38,大崙公寓大廈,中壢區山東路
39,昀真ONE市達2管理委員會,中壢區山錦路
40,曜園社區,中壢區中大路
41,中原至尊,中壢區中山東路一段
42,中原豪景社區,中壢區中山東路一段
43,中原豪傑大廈管理委員會,中壢區中山東路一段
44,中原至尊社區,中壢區中山東路一段
45,中原師鄉社區,中壢區中山東路一段
46,唐都大廈,中壢區中山東路三段
47,頂極社區公寓大廈,中壢區中山東路三段
48,臻品社區管理委員會,中壢區中山東路三段
49,南亞金鑽管理負責人,中壢區中山東路三段
50,南亞金鑽管理負責人,中壢區中山東路三段
51,?囍公寓大廈管理委員會,中壢區中山東路三段
52,?囍透天社區管理委員會,中壢區中山東路三段
53,?囍公寓大廈管理委員會,中壢區中山東路三段
54,太子天廈管理委員會,中壢區中山東路三段
55,高閣社區,中壢區中山東路四段
56,永達創世紀大樓,中壢區中山路
57,立和路1號公寓大廈管理負責人,中壢區中山路
58,明漾管理委員會,中壢區中山路
59,合勝大樓管理委員會,中壢區中山路
60,白馬中山大樓管理委員會,中壢區中山路
61,永豐大樓管理委員會,中壢區中山路
62,呂文恩公寓大廈管理負責人,中壢區中山路
63,中原美文社區管理負責人張美文,中壢區中山路
64,龍門天下,中壢區中北路二段
65,新站大學園區公寓大廈管理委員會,中壢區中北路二段
66,莎翁花園城堡公寓大廈,中壢區中北路二段
67,科學城公寓大廈,中壢區中北路二段
68,傳世三希行館管理委員會,中壢區中北路二段
69,一品居公寓大廈,中壢區中北路二段
70,明園大第,中壢區中北路二段
71,德隆商業大樓管理負責人,中壢區中北路二段
72,金銀寶大樓,中壢區中央西路一段
73,世貿財星廣場管理委員會,中壢區中央西路一段
74,金緯商業大樓,中壢區中央西路一段
75,遠東雙星大廈管理委員會,中壢區中央西路一段
76,中央貴族大廈,中壢區中央西路二段
77,企業寶座,中壢區中央西路二段
78,世貿銀座公寓大廈,中壢區中央西路二段
79,慈心樓管理負責人 黃晴渝,中壢區中央里16鄰
80,元化大廈管理負責人,中壢區中央里19鄰
81,聯饗餐飲大樓管理負責人,中壢區中央東路
82,冠昱銀座廿一商業大樓,中壢區中央東路
83,中壢站前獅子座大廈,中壢區中平路
84,世紀大樓管理委員會,中壢區中平路
85,慶聲社區管理負責人,中壢區中平路
86,快樂屋管理負責人,中壢區中正里13鄰
87,裕邦華夏管理負責人 陳如?,中壢區中正里20鄰
88,萊茵富邑社區管理委員會,中壢區中正路
89,松月林園社區管理委員會,中壢區中正路
90,赫里翁社區管理委員會,中壢區中正路
91,中壢站前華廈,中壢區中正路
92,東方財經雙鑽,中壢區中正路
93,竹里館二期管理委員會,中壢區中正路二段
94,富貴社區管理負責人,中壢區中正路四段
95,東方太陽社區,中壢區中正路
96,至芃天廈管理負責人,中壢區中正路
97,翡翠花園二期管理負責人,中壢區中正路二段
98,翡翠花園集居社區管理委員會,中壢區中正路二段
99,竹里館一期社區管理委員會,中壢區中正路二段
100,游輝雄等七人社區管理委員會,中壢區中正路二段
101,高鐵捷境管理委員會,中壢區中正路三段
102,桃園縣中壢市廣涵社區,中壢區中正路四段
103,國王與我社區,中壢區中正路四段
104,中美大樓,中壢區中美路一段
105,鴻福大街b區,中壢區中原里26鄰
106,中壢市香格里拉大廈住戶管理委員會,中壢區中華路二段
107,中壢龍門社區,中壢區中華路一段
108,鎵興國際大樓管理負責人,中壢區中華路一段
109,登揚大廈,中壢區中華路一段
110,陳文旺管理負責人,中壢區中華路二段
111,中壢香格里拉大廈住戶管理委員會,中壢區中華路二段
112,家天下社區,中壢區中華路二段
113,三秀雅集公寓大廈,中壢區中園路
114,美麗歐洲公寓大廈管理委員會,中壢區中園路
115,戀戀歐洲社區管理委員會,中壢區中園路
116,冠世界社區管理委員會,中壢區中園路
117,友襌社區管理委員會,中壢區中園路
118,萬能及第大廈,中壢區中園路二段
119,亞洲商業大樓,中壢區中新街
120,格百鑫公寓大廈管理負責人,中壢區中榮里4鄰
121,懷石社區,中壢區中福里9鄰
122,官房雅築社區管理委員會,中壢區中豐北路一段
123,元化店舖辦公大樓管理負責人,中壢區中豐路
124,陽光花墅社區,中壢區中壢市內定里18鄰
125,雅舍小品管理負責人何麗卿,中壢區中壢市南園二路
126,華勛楓情社區管理委員會,中壢區中壢市華仁一街
127,SOGO帝寶社區管理負責人,中壢區中壢市華夏路
128,泛達大廈管理負責人,中壢區中壢市榮民南路
129,鴻福大街社區管理委員會,中壢區中壢市篤行里１鄰
130,典藏晶竹管理委員會,中壢區中壢市龍吉二街
131,雷氏公寓大廈管理負責人,中壢區中壢里5鄰
132,臻藝社區管理委員會,中壢區五族二街
133,順班社區管理負責人,中壢區五族三街
134,五族透店公寓大廈管理負責人,中壢區五族三街
135,涵美賞公寓大廈管理委員會,中壢區五華街
136,布拉格花園宮庭管理負責人,中壢區五興路
137,中大雅居管理負責人,中壢區五興路
138,合興居,中壢區五興路
139,天心園,中壢區五興路
140,碧瑤城堡社區,中壢區五權里上三座屋
141,典藏依莎社區管理委員會,中壢區仁和里10鄰
142,太陽村社區,中壢區仁和街
143,中壢我家住戶,中壢區仁美二街
144,中山京華社區管理委員會,中壢區仁美二街
145,現代21公寓大廈,中壢區仁美四街
146,凡賽斯社區,中壢區仁美里23鄰
147,瀧鑫悅社區管理委員會,中壢區仁美里9鄰
148,深耕二期甲區,中壢區仁愛里7鄰
149,深耕二期乙區管理負責人蔡美慧,中壢區仁愛里普忠路
150,一品中原社區,中壢區仁慈街
151,好彩頭社區,中壢區仁慈街
152,富甲尊爵管理委員會,中壢區仁福三街
153,湖映左岸公寓大廈管理委員會,中壢區仁福五街
154,天賜良緣社區,中壢區仁福五街
155,科學家社區,中壢區仁福四街
156,碁曜官邸社區,中壢區仁福里仁福二街
157,吉祥天廈,中壢區仁德一街
158,金品公寓大廈管理負責人李沛霖,中壢區仁德七街
159,臻第社區管理委員會,中壢區仁德五街
160,布查花園社區,中壢區仁德五街
161,幸福社區管理負責人,中壢區仁德里7鄰
162,大院采鑽管理委員會,中壢區元化路
163,美京大廈,中壢區元化路
164,龍傳家公寓大廈,中壢區元化路
165,將像公園大廈,中壢區元化路
166,帝王璇宮公寓大廈,中壢區元化路
167,摩登新貴,中壢區元化路
168,國際財星大樓,中壢區元化路
169,金府大廈,中壢區元化路
170,海華麗緻大廈管理委員會,中壢區元化路
171,福慧名人巷管理委員會,中壢區元化路
172,國家宮庭社區,中壢區元化路
173,亨享公寓大廈管理負責人,中壢區元化路
174,億林京都管理委員會,中壢區元化路
175,金爺名宮大廈管理委員會,中壢區元化路
176,金爺名宮BC棟大廈管理委員會,中壢區元化路
177,中壢新綜合市場店戶管理委員會,中壢區元化路
178,宜誠麗都社區,中壢區元生三街
179,宜誠麗都大樓社區管理委員會,中壢區元生三街
180,宜誠麗都透天社區管理委員會,中壢區元生三街
181,舞動陽光藍天社區,中壢區元生三街
182,甜蜜世界社區,中壢區內江街
183,領袖官邸管理負責人,中壢區內江街
184,黃宅社區管理負責人,中壢區內定九街
185,全久桃園新宿管理委員會,中壢區內定二街
186,淳境社區管理委員會,中壢區內定八街
187,綠波社區管理委員會,中壢區內定八街
188,萬能別莊社區,中壢區內定里10鄰
189,米拉貝爾社區管理委員會,中壢區內定里5鄰
190,文中花墅社區管理委員會,中壢區內定里內定二街
191,昀真ONE市達3管理委員會,中壢區內厝八路
192,陽光麗墅AB區管理委員會,中壢區內厝里10鄰
193,中大逸墅管理負責人 張挺貴,中壢區內厝里1鄰
194,忠孝精典大樓管理委員會,中壢區內壢忠孝路
195,順儷MIHO社區,中壢區公園路二段
196,海華帝國大廈管理委員會,中壢區六和路
197,宮廷樂章大廈,中壢區六和路
198,海華大帝社區管理委員會,中壢區六和路
199,陽光森活社區,中壢區文化二路
200,四季社區管理委員會,中壢區文化二路
201,飛揚特區社區,中壢區文化二路
202,宜誠鼎峰大樓管理委員會,中壢區文化二路
203,華園社區管理負責人 蔡清木,中壢區文化里15鄰
204,愛上杜拜管理委員會,中壢區文化里21鄰
205,向陽特區社區管理委員會,中壢區文化路
206,舞動陽光微風社區,中壢區文化路
207,遠邦透天華廈管理負責人,中壢區文化路
208,慶揚公寓大廈管理負責人,中壢區文昌路
209,城市之光社區管理委員會,中壢區文智路
210,康莊社區管理委員會,中壢區文智路
211,清涼第管理委員會,中壢區文智路
212,尊藏帝苑社區管理委員會,中壢區文智路
213,城市之鑽社區管理委員會,中壢區文興路
214,新貴社區管理委員會,中壢區文興路
215,青田星讚公寓大廈管理負責人,中壢區月眉
216,高鐵芳鄰管理委員會,中壢區月眉里10鄰
217,月眉山莊二區,中壢區月眉里12鄰
218,麒麟雲賞社區,中壢區月眉里2鄰
219,少爺別莊社區,中壢區月眉里3鄰
220,和風御墅管理委員會,中壢區月眉里8鄰
221,世紀翡翠社區,中壢區月眉路一段
222,福庄社區,中壢區月眉路二段
223,月眉山莊一區管理委員會,中壢區月眉路二段
224,彩色世界社區管理委員會,中壢區月眉路三段
225,松泉清境,中壢區水尾里26鄰
226,福鎮(二)社區,中壢區水尾里4鄰
227,水尾田園社區,中壢區水尾里
228,慶豐麗園住戶,中壢區王子五街
229,王子殿廈公寓大廈,中壢區王子街
230,大學湖畔社區管理委員會,中壢區功學社新村
231,功學社區,中壢區功學社新村
232,中原金城大廈,中壢區功學社新村
233,合勤居易社區管理委員會,中壢區功學社新村
234,僑欣拾富社區管理負責人,中壢區功學社新村
235,京鑽一區管理委員會,中壢區台貿二街
236,家那大社區第二期住戶管理委員會,中壢區台貿二街
237,弘揚華廈,中壢區弘揚路
238,宜誠高峰會社區,中壢區正大街
239,藏悅大廈管理委員會,中壢區正大路
240,尊邸公寓大廈-B區管理負責人,中壢區正光二街
241,龍騰御社區管理委員會,中壢區正光二街
242,尊邸公寓大廈－C區管理負責人,中壢區正光二街
243,尊邸公寓大廈-A區管理負責人,中壢區正光二街
244,大學誠社區管理委員會,中壢區正光二街
245,大悅社區住戶,中壢區正光街
246,富錦公寓大廈管理負責人,中壢區正光街
247,陳玉貴等三戶,中壢區正義里17鄰
248, 陳玉貴等三戶,中壢區正義里17鄰
249,麒麟至善園社區,中壢區正義里中山東路一段3
250,璞石一期社區管理委員會,中壢區正義路
251,仰涵觀止區管理委員會,中壢區正義路
252,典宇天下社區,中壢區民治二街
253,厚茂大廈管理負責人,中壢區民族路
254,向陽社區,中壢區民族路
255,廣興雅筑管理負責人,中壢區民族路二段
256,億客成公寓大廈管理負責人,中壢區民族路五段
257,名馳雋朗社區管理委員會,中壢區民族路五段
258,民權大樓,中壢區民權路
259,民權極景社區管理委員會,中壢區民權路
260,清境管理委員會,中壢區民權路三段
261,富貴社區管理委員會,中壢區民權路四段
262,民權大億管理負責人,中壢區民權路二段
263,友禪民權花園管理委員會,中壢區民權路三段
264,莊稼園別墅,中壢區民權路三段
265,三閤院管理委員會,中壢區民權路三段
266,市政美墅社區管理委員會,中壢區民權路三段
267,涵露社區管理委員會,中壢區民權路三段
268,國際高鐵捷運首席社區,中壢區民權路四段
269,黃肇政社區管理負責人,中壢區民權路四段
270,國際高鐵第五大道管理委員會,中壢區民權路四段
271,國際高鐵中央區管理委員會,中壢區民權路四段
272,國際會館社區管理委員會,中壢區民權路四段
273,布拉格青塘園社區,中壢區永平街
274,法國紅社區管理委員會,中壢區永光里11鄰
275,呂德森管理負責人,中壢區永安路
276,城市之星社區管理委員會,中壢區永泰路
277,宸宜進寶社區管理委員會,中壢區永泰路
278,布拉格春天管理負責人,中壢區永能路
279,永福帝堡管理委員會,中壢區永能路
280,躍世界社區管理委員會,中壢區永能路
281,築森社區管理委員會,中壢區永能路
282,維多利亞公寓大廈管理委員會,中壢區永能路
283,歌德堡社區管理委員會,中壢區永能路
284,彩頭市社區,中壢區永強街
285,福鎮(一)社區,中壢區永清街
286,海川蘊社區管理委員會,中壢區永清街
287,永發安居社區管理負責人謝寬忠,中壢區永發路
288,國際高鐵上品苑社區管理委員會,中壢區永順三街
289,崇光社區管理委員會,中壢區永嘉街
290,大學校園三期,中壢區永福路
291,綠堤社區,中壢區永福路
292,連都大地三期社區,中壢區永福路
293,青春物語,中壢區永福路
294,雅硯社區大樓,中壢區永福路
295,大學校園二期管理委員會,中壢區永福路
296,大學校園一期社區,中壢區永福路
297,永福大邸管理負責人,中壢區永福路
298,站前首璽大廈管理委員會,中壢區永樂路
299,東坡居管理委員會,中壢區甘肅三街
300,北帝國林森社區,中壢區生明街
301,白馬莊愛儷園公寓大廈,中壢區白馬莊
302,白馬皇族大廈,中壢區白馬莊
303,中華名門社區,中壢區立德街
304,民權經典社區管理委員會,中壢區光明里4鄰
305,翡翠園NO2公寓大廈,中壢區光明路二段
306,仰涵社區管理委員會,中壢區光明路二段
307,家賀屋社區管理委員會,中壢區光輝三街
308,杰運馥仕社區管理委員會,中壢區合圳北路二段
309,菁英會社區管理委員會,中壢區合圳北路二段
310,東興雅築公寓大廈管理委員會,中壢區合浦街
311,歐洲柏園,中壢區合浦街
312,吉利別墅社區管理負責人 簡永富,中壢區吉利二街
313,長堤領袖管理委員會,中壢區吉利十一街
314,摩登星鑽社區,中壢區吉林路
315,中壢工業區標準廠房管理委員會,中壢區吉林路
316,吉林公寓大廈管理負責人,中壢區吉林路
317,雙子星公寓大廈管理負責人,中壢區吉林路
318,凱薩皇宮管理委員會,中壢區吉長街
319,富麗前程第五期,中壢區同慶路
320,大學世家公寓大廈管理委員會,中壢區同慶路
321,錢櫃大樓,中壢區同慶路
322,松荷汽車旅館管理負責人,中壢區成功里7鄰
323,內壢新貴管理委員會,中壢區成功里8鄰
324,詠舜華城,中壢區成功里成章三街
325,鴻福大街社區,中壢區成章一街
326,永福社區管理負責人,中壢區成章一街
327,才順公寓管理負責人,中壢區成章一街
328,忠孝金鑽大廈,中壢區成章一街
329,成功社區,中壢區成章一街
330,采園京都管理負責人,中壢區成章二街
331,鍾愛一生社區,中壢區成章二街
332,藍天大地社區大廈,中壢區成章二街
333,康橋綠第社區管理委員會,中壢區成章二街
334,博市國宅社區,中壢區成章三街
335,京都四季社區管理委員會,中壢區成章三街
336,住定龍城,中壢區自立二街
337,自立社區管理委員會,中壢區自立五街
338,三秀雅仕,中壢區自立里13鄰
339,北帝國第二期社區,中壢區自忠街
340,富貴龍門大樓管理委員會,中壢區自忠街
341,薔薇廣場管理委員會,中壢區自忠街
342,香榭花園大廈,中壢區自忠街
343,萬源發皇家特區,中壢區自信里16鄰
344,居城市社區公寓大廈管理委員會,中壢區自強一路
345,亞爵麗緻社區,中壢區自強一路
346,藝樹賞公寓大廈,中壢區自強六路
347,雙璽管委會,中壢區至善里22鄰
348,寬庭美墅社區管理委員會,中壢區至善里35鄰
349,華登經典三期管理委員會,中壢區至善里35鄰
350,逸墅達人社區,中壢區至善里35鄰
351,誠泰觀邸社區,中壢區西園路
352,鴻福大地社區管理委員會,中壢區西園路
353,宜誠麗都領袖特區管理委員會,中壢區西園路
354,聯根大廈,中壢區西園路
355,名格門第,中壢區志成路
356,堂廈公寓管理負責人,中壢區志航街
357,中壢貴族世家,中壢區志航街
358,中原天廈管理委員會,中壢區協同街
359,典藏中原管理負責人何麗卿,中壢區協同街
360,布拉格管理負責人,中壢區和平街
361,幸福美墅管理委員會,中壢區幸福村
362,徐淑貞大樓管理負責人,中壢區幸福里25鄰
363,竑門天止社區管理委員會,中壢區幸福里30鄰
364,幸福庭園社區,中壢區幸福街
365,賢明華園大廈,中壢區延平路
366,龍田市中星,中壢區延平路
367,富貴天下,中壢區延平路
368,中壢勳章,中壢區延平路
369,巴黎之星,中壢區延平路
370,璟賢大樓,中壢區延平路
371,卓越廣場大樓,中壢區延平路
372,華邑新象社區管理委員會,中壢區延平路
373,統領天廈管理委員會,中壢區忠孝路
374,漢唐天下公寓大廈,中壢區忠孝路
375,宜誠麗都領袖特區,中壢區忠孝路
376,麗寶愛琴海社區,中壢區忠孝路
377,新生活藝術館,中壢區忠孝路
378,忠孝翡翠,中壢區忠孝路
379,忠孝翡翠社區,中壢區忠孝路
380,慶澤居社區管理委員會,中壢區忠福里26鄰
381,麗朵社區管理委員會,中壢區忠福里38鄰
382,海芋花墅,中壢區忠福里8鄰
383,徐州麗都管理負責人黃淑芬,中壢區明德里24鄰
384,青雲福邸公寓大廈管理負責人,中壢區明德里3鄰
385,明德大樓管理委員會,中壢區明德路
386,富春大廈管理負責人鄒富宏,中壢區明德路
387,杭州麗緻公寓大廈管理委員會,中壢區杭州路
388,東興園大樓,中壢區東興街
389,宸園管委會,中壢區松平二街
390,高誠湖悅一期B區管理委員會,中壢區松平二街
391,高誠湖悅一期A區管理委員會,中壢區松平路
392,真善美管理負責人,中壢區松平路
393,高誠湖悅二期管理委員會,中壢區松信二街
394,樸川逸境管理委員會,中壢區松信路
395,高誠森仰社區管理委員會,中壢區松勇一街
396,松月鳴琴二期社區管理委員會,中壢區松勤路
397,真澄管理委員會,中壢區松勤路
398,爵仕堡社區管理委員會,中壢區松義一街
399,家那大社區第五期住戶管理委員會,中壢區松義一街
400,大清璽福社區管理委員會,中壢區松義二街
401,家那大社區第六期住戶管理委員會,中壢區松義二街
402,吉祥墅管理委員會,中壢區松義三街
403,一八八社區管理負責人,中壢區松義三街
404,宜誠天匯2社區管理委員會,中壢區松義三街
405,好望角社區管理委員會,中壢區松德路
406,康莊社區管理委員會,中壢區松德路
407,中國龍社區管理委員會,中壢區林森路
408,林森大道,中壢區林森路
409,向陽大廈管理負責人 吳嘉晉,中壢區治平街
410,麗景社區,中壢區芝芭里1鄰
411,竹逸管理委員會,中壢區芝芭里1鄰
412,上茂家園管理負責人 張正宇,中壢區芝芭里1鄰
413,禾麥高鐵社區管理委員會,中壢區芝芭里2鄰
414,翡翠雙星大樓,中壢區金山一街
415,東興學園管理委員會,中壢區金山三街
416,美麗家園社區,中壢區金山街
417,太子世界二期A棟,中壢區金鋒五街
418,太子夏綠第社區,中壢區金鋒五街
419,太子假期管理委員會,中壢區金鋒四街
420,太子鳳凰城A座,中壢區金鋒四街
421,太子鳳凰城B座,中壢區金鋒四街
422,翰林龍門大廈,中壢區長沙路
423,清雲尊邸大廈管理負責人:鄭武雄,中壢區長沙路
424,中壢市長沙路第一家庭大廈管理委員會,中壢區長沙路
425,宜誠登峰社區管理委員會,中壢區長春三路
426,宜誠菁英行館社區管理委員會,中壢區長春五路
427,第一家庭社區管理委員會,中壢區長春路
428,典藏世家社區,中壢區長春路
429,國賓商業大樓,中壢區長春路
430,宏源社區管理負責人 張晉源,中壢區長春路
431,飛躍21A區公寓大廈,中壢區長春路
432,輝煌年代社區,中壢區長春路
433,陸江京華社區,中壢區長春路
434,涵韻社區管理委員會,中壢區長樂五街
435,卓別林社區,中壢區長樂四街
436,家美立體別墅,中壢區長樂四街
437,公園翡翠社區,中壢區長樂街
438,微笑城堡社區管理委員會,中壢區長興街
439,傳世國寶社區,中壢區長興街
440,和耀真諦社區管理委員會,中壢區長興街
441,青松社區管理負責人陳貴榮,中壢區青松街
442,青松別墅管理負責人呂千萬,中壢區青松街
443,傳家堡五福臨門管委會,中壢區青松街
444,高誠帝景管理委員會,中壢區青埔五街
445,健康別墅社區管理負責人,中壢區青埔六街
446,康橋新幹線社區管理委員會,中壢區青埔六街
447,新幹線三期社區管理委員會,中壢區青埔六街
448,新幹線二期社區管理委員會,中壢區青埔四街
449,青埔公寓大廈管理負責人,中壢區青埔四街
450,石上清泉社區,中壢區青埔里1鄰
451,育嘉京品B社區管理委員會,中壢區青埔里3鄰
452,青昕管理委員會,中壢區青埔里4鄰
453,新幹線社區,中壢區青埔里4鄰
454,闔家歡別墅管理負責人,中壢區青埔里5鄰
455,李園社區管理負責人,中壢區青埔里7鄰
456,照輝公寓大廈管理負責人,中壢區青埔里7鄰
457,照明公寓大廈管理負責人,中壢區青埔里7鄰
458,帝元家堡社區管理委員會,中壢區青埔里7鄰
459,世界CBD大廈管理委員會,中壢區青埔里青商路
460,國際高鐵新宿區管理委員會,中壢區青埔里高鐵站前東路二段
461,鋒橋淳光社區管理委員會,中壢區青埔路2段
462,國際高鐵富御居社區管理委員會,中壢區青峰路二段
463,新潤國品苑管理委員會,中壢區青商路
464,紐約線上管理委員會,中壢區青商路
465,城市首席社區管理委員會,中壢區青溪路二段
466,城市首席社區管理委員會,中壢區青溪路二段
467,京滬商城管理負責人,中壢區南京路
468,昆明首府NO.1管理負責人,中壢區南雄街
469,昆明首府NO.2管理負責人,中壢區南雄街
470,新都廷公寓大廈管理委員會,中壢區南園2路
471,宜誠鉑金苑社區管理委員會,中壢區南園二路
472,和瑞捷星社區管理委員會,中壢區南園二路
473,和瑞捷境社區管理委員會,中壢區南園二路
474,北帝國官邸社區,中壢區南園二路
475,王朝社區管理委員會,中壢區南園二路
476,尊邸公寓大廈,中壢區南園二路
477,太子國寶社區管理委員會,中壢區後寮一路
478,中壢美都,中壢區後寮一路
479,晶曜大樓管理委員會,中壢區後寮一路
480,富堉米蘭社區管理委員會,中壢區後寮一路
481,麗源優活21社區,中壢區後寮二路
482,麗寶SMART學苑,中壢區後寮二路
483,麗寶麗池管理委員會,中壢區後寮二路
484,麗寶麗池社區,中壢區後寮二路
485,東方瑞士社區,中壢區後寮里19鄰
486,生活智慧家社區,中壢區後興路一段
487,富貴？園管委會,中壢區後興路一段
488,鴻都大樓,中壢區後興路一段
489,富貴經典華廈管理委員會,中壢區後興路一段
490,元邦華府A區社區,中壢區後興路一段
491,環中傳家堡社區,中壢區後興路二段
492,楓丹美墅社區,中壢區後興路二段
493,至善美墅社區管理委員會,中壢區後興路二段
494,中壢新鑽大樓,中壢區後興路二段
495,新生活家,中壢區星文二街
496,昀真ONE市達社區管理委員會,中壢區洽溪子
497,國際高鐵淺草區管理委員會,中壢區洽溪里6鄰
498,國際高鐵比佛利(一)管理委員會,中壢區洽溪里7鄰
499,國際高鐵比佛利(二)管理委員會,中壢區洽溪里7鄰
500,永能居社區管理負責人,中壢區洽溪里7鄰
501,國際高鐵靜岡區管理委員會,中壢區洽溪里7鄰
502,錦宏家園管理負責人,中壢區洽溪里7鄰
503,輝煌大樓管理負責人王祥贊,中壢區洽溪路
504,國際高鐵企業總部管理委員會,中壢區洽溪路
505,深耕三期社區管理委員會,中壢區美華一路
506,國際高鐵新站特區管理委員會,中壢區致遠一路
507,綠藝心賞社區管理委員會,中壢區崁頂路
508,凱旋門公寓大廈管理委會員會,中壢區徐州街
509,薇閣崗石別墅社區,中壢區徐州街
510,徐州麗都管理負責人 黃淑芬,中壢區徐州街
511,領袖中原NO.2管理負責人,中壢區振興街
512,金華大學城管理委員會,中壢區振興街
513,金華大學城管理委員會,中壢區振興街
514,中原國寶公寓大廈,中壢區振興街
515,國王花園社區,中壢區晉元路
516,華中御墅社區,中壢區珠江街
517,玉麟大廈管理負責人,中壢區高鐵北路
518,高捷VILLA社區管理委員會,中壢區高鐵南路三段
519,日光苑公寓大廈管理委員會,中壢區高鐵南路二段
520,國際高鐵華爾街特區管理委員會,中壢區高鐵站前西路二段
521,國際高鐵晶站特區管理委員會,中壢區高鐵站前西路一段
522,佳瑞M+社區管理委員會,中壢區高鐵站前西路二段
523,馥楓高鐵精邸公寓大廈管理負責人,中壢區高鐵站前西路二段
524,聯邦商業銀行股份有限公司健行公寓大廈,中壢區健行里1鄰健行路
525,金華大樓管理負責人游賢金,中壢區健行路
526,盛世卿相管理委員會,中壢區健行路
527,清雲天下管理負責人,中壢區健行路
528,進華管理負責人,中壢區健行路
529,北帝國第五期社區,中壢區執信一街
530,鴻遠大廈管理負責人 徐鐵雄,中壢區執信一街
531,香榭名園管理委員會,中壢區執信二街
532,東方財經雙鑽管理委員會,中壢區康樂路
533,達昇皇鼎,中壢區強國路
534,鴻德儷園社區,中壢區強國路
535,愛森豪公寓大廈,中壢區清泉街
536,國源大樓管理負責人,中壢區莊敬里20鄰
537,精忠六村國宅社區,中壢區莊敬里精忠二街
538,校園芳鄰社區,中壢區莊敬路
539,莊敬192管理負責人,中壢區莊敬路
540,澤苑聖宅第五期管理委員會,中壢區莊敬路
541,內壢華廈住戶管理負責人,中壢區莊敬路
542,振翔富御社區管理委員會,中壢區莊敬路
543,水悅社區管理委員會,中壢區莊敬路
544,日陽觀2管理負責人,中壢區莊敬路
545,蜜之屋社區,中壢區莊敬路
546,陸光五村國宅社區管理委員會,中壢區陸光二街
547,豐湛社區管理委員會,中壢區陸光五街
548,大學市社區,中壢區富村街
549,大學社區公寓大廈,中壢區富村街
550,帝境三社區管理委員會,中壢區富村街
551,帝境三社區管理委員會,中壢區富村街
552,藍寶社區,中壢區富村街
553,慕夏社區管理委員會,中壢區富村街
554,拾富社區管理委員會,中壢區富村街
555,好機會社區,中壢區富村街
556,維多利亞公寓大廈管理委員會,中壢區富國街
557,國泰內壢香榭新象社區,中壢區富強西街
558,貴族新象,中壢區富裕街
559,馥園六期社區,中壢區復華七街
560,福利讚管理委員會,中壢區復華九街
561,第凡內花園大廈,中壢區復華九街
562,名人園邸,中壢區復華里19鄰
563,公園翡翠E管理負責人 黃惠芬,中壢區復華街
564,經典翡翠管理委員會,中壢區復華街
565,首馥社區管理負責人,中壢區復華街
566,藍天綠邑,中壢區復華街
567,復興恩典管理負責人,中壢區復華街
568,新上城社區管理委員會,中壢區復華路
569,馥園七期社區,中壢區復興里七鄰
570,永祥實業大樓,中壢區復興路
571,白宮財經大樓,中壢區復興路
572,遠曄商業廣場管理負責人,中壢區復興路
573,宜欣園,中壢區惠州街
574,嘟嘟學苑大廈管理負責人,中壢區普仁里11鄰
575,聯樟富貴社區管理委員會,中壢區普忠里17鄰
576,深耕社區,中壢區普忠路
577,普忠和館管理委員會,中壢區普忠路
578,陽光新第,中壢區普義里27鄰
579,典藏歐洲公寓大廈,中壢區普義路
580,中壢市大戶大貴,中壢區普義路
581,維納斯社區管理委員會,中壢區普義路
582,鏡泊湖社區,中壢區普慶里5鄰
583,華勛楓情社區管理委員會,中壢區華仁一街
584,加賀屋公寓大廈管理委員會,中壢區華安三路
585,春虹e吉邦社區,中壢區華美一路
586,葉綠墅社區,中壢區華美一路
587,致遠華城管理負責人,中壢區華夏一村
588,龍城社區,中壢區華勛街
589,春天別墅社區管理委員會,中壢區華愛一街
590,薪水別墅,中壢區華愛街
591,鄉格里拉社區管理委員會,中壢區圓光一路
592,愛悅舍公寓大廈管理委員會,中壢區廈門街
593,白金新宮名廈,中壢區愛華里9鄰
594,益家大樓管理負責人,中壢區慈惠一街
595,彭園華廈管理負責人,中壢區慈惠三街
596,皇家宮庭,中壢區慈惠三街
597,哥德宮庭,中壢區慈惠三街
598,百世商場,中壢區慈惠三街
599,凱撒宮庭管理委員會,中壢區慈惠三街
600,羅馬宮庭,中壢區慈惠三街
601,凱撒宮庭,中壢區慈惠三街
602,順德公寓大廈管理負責人,中壢區慈惠三街
603,中原華莊管理委員會,中壢區新中一街
604,富景中原管理委員會,中壢區新中一街
605,大學藝墅館,中壢區新中一街
606,中原DOUBLE社區管理委員會,中壢區新中二街
607,歡喜中原大廈,中壢區新中北路
608,傳世御苑社區管理委員會,中壢區新中北路二段
609,天廈大樓管理負責人,中壢區新中北路
610,中原苑社區管理委員會,中壢區新中北路
611,大清天朵二期社區管理委員會,中壢區新中北路二段
612,天朵社區管理委員會,中壢區新中北路二段
613,光益社區管理負責人,中壢區新生路
614,美麗宮庭大廈管理委員會,中壢區新生路
615,景榮大樓,中壢區新生路
616,新生公寓大廈管理負責人,中壢區新生路
617,友禪新生店面管理委員會,中壢區新生路三段
618,友禪新生社區管理委員會,中壢區新生路三段
619,傳家堡社區管理委員會,中壢區新生路四段
620,智聖天廈,中壢區新明路
621,英士第大樓管理負責人:林柏欽,中壢區新興里10鄰
622,百利大樓,中壢區新興路
623,中壢京站社區管理委員會,中壢區新興路
624,巨蛋花園,中壢區溪州三街
625,快樂頌大廈,中壢區溪州三街
626,站前藝術館社區管理委員會,中壢區溪洲街
627,榮耀歐洲社區管理委員會,中壢區溪洲街
628,富堉巴黎管理負責人黃秋秀,中壢區義民路一段
629,太睿A19社區管理委員會,中壢區聖溪二路
630,長豐大廈管理負責人,中壢區聖德路一段
631,溫莎社區,中壢區聖德路二段
632,萬大社區管理委員會,中壢區萬大路
633,萬能學苑社區管理負責人,中壢區萬大路
634,白宮大廈,中壢區裕民街
635,圓融社區,中壢區過領里4鄰
636,大清哈佛社區管理委員會,中壢區過嶺里12鄰
637,宜誠天匯管理委員會,中壢區過嶺里12鄰
638,松瑋公寓大廈管理負責人,中壢區過嶺里14鄰
639,喜苑社區管理委員會,中壢區過嶺里14鄰
640,富帝名門社區管理負責人,中壢區過嶺里14鄰
641,牛津花園,中壢區過嶺里3鄰
642,水雲居社區管理委員會,中壢區過嶺里3鄰
643,群硯典藏Ⅲ社區管理委員會,中壢區過嶺里4鄰
644,大墅哲學社區管理委員會,中壢區過嶺里7鄰
645,和風社區,中壢區過嶺里7鄰
646,中壢市花語墅社區,中壢區過嶺里1鄰
647,鄉根別墅社區住戶管理委員會,中壢區過嶺路一段
648,東坡庭園社區管理委員會,中壢區過嶺路二段
649,龍之鄉第二期大廈,中壢區嘉興二街
650,裕記豪門,中壢區嘉興街
651,哈佛林BC管理委員會,中壢區實踐路
652,中原華廈,中壢區實踐路
653,柏德CITY社區,中壢區實踐路
654,柏德公園B區公寓大廈,中壢區實踐路
655,柏德公園A區社區管理委員會,中壢區實踐路
656,領袖中原社區管理委員會,中壢區實踐路
657,歐鄉庭園社區,中壢區榮民南路
658,凡賽斯社區管理委員會,中壢區榮民南路
659,薪語墅社區管理委員會,中壢區榮民南路
660,龍大莊三期社區,中壢區榮民南路
661,冠鼎御硯社區管理委員會,中壢區榮民南路
662,萬寶龍花園別莊,中壢區榮民南路
663,夢公園別墅管理委員會,中壢區榮民南路
664,歐鎮大廈管理委員會,中壢區榮民路
665,書香翡翠大樓,中壢區榮民路
666,惠眾保全大樓管理負責人,中壢區榮民路
667,玫瑰大道社區,中壢區榮民路
668,福鎮社區管理委員會,中壢區榮民路
669,自強名門大樓,中壢區榮民路
670,憶鄉源社區,中壢區榮安14街
671,榮安學園管理負責人  彭文炎,中壢區榮安一街
672,元智E生活公寓大廈管理委員會,中壢區榮安一街
673,統領大國大樓區,中壢區榮安一街
674,悠活十八社區,中壢區榮安一街
675,紅透天社區管理委員會,中壢區榮安七街
676,新津和府,中壢區榮安九街
677,元智金套房社區,中壢區榮安二街
678,正達公寓大廈管理負責人,中壢區榮安二街
679,龍威別墅,中壢區榮安八街
680,幸福樂章大樓管理委員會,中壢區榮安八街
681,心動一期公寓大廈,中壢區榮安八街
682,優PARK公寓大廈管理委員會,中壢區榮安十三街
683,歐洲世紀花園別墅管理委員會,中壢區榮安十三街
684,心動二期社區,中壢區榮安十三街
685,大江南北社區,中壢區榮安十三街
686,榮安雅居管理負責人,中壢區榮安十三街
687,深耕六期社區管理委員會,中壢區榮安十三街
688,萬代福社區,中壢區榮安十五街
689,閤泰新第社區,中壢區榮安十五街
690,連都大地一期公寓大廈管理委員會,中壢區榮安十五街
691,連都二期社區管理委員會,中壢區榮安十五街
692,大衛營社區,中壢區榮安三街
693,紅透天社區C區,中壢區榮安三街
694,統領大國別墅特區,中壢區榮安五街
695,統領大國別墅區,中壢區榮安五街
696,香榭大地社區管理委員會,中壢區榮安五街
697,榮安經典公寓大廈,中壢區榮安四街
698,深耕五期社區管理委員會,中壢區榮和五街
699,深耕七期社區管理委員會,中壢區榮和五街
700,漢口美墅公寓大廈管理負責人,中壢區漢口街
701,好芳鄰社區,中壢區福安一街
702,龍鳳京城社區,中壢區福安一街
703,楓丹花墅社區,中壢區福安二街
704,鶴之屋,中壢區福安二街
705,世紀三星大廈第三期,中壢區福安二街
706,雅緻名園管理委員會,中壢區福安二街
707,幸福大樓,中壢區福州一街
708,金玉滿堂公寓大廈,中壢區福州一街
709,花與綠社區,中壢區福州一街
710,學府苑管理負責人,中壢區福州一街
711,緣鄉公寓大廈管理委員會,中壢區福州二街
712,金順名園社區管理委員會,中壢區福州二街
713,豐田新秀,中壢區福州二街
714,京華園社區,中壢區福州二街
715,伯爵與夫人社區管理委員會,中壢區福州二街
716,水明漾社區管理委員會,中壢區福州二街
717,御墅社區管理負責人,中壢區福州五街
718,信義世家大樓,中壢區福州路
719,福州貴族大樓管理委員會,中壢區福州路
720,傳家堡社區管理負責人,中壢區福星一街
721,國鐵名園,中壢區福星七街
722,四季庭園社區,中壢區福星七街
723,旺家園管理委員會,中壢區福星三街
724,凱悅大樓,中壢區福星六街
725,福星晶華管理委員會,中壢區福星六街
726,世紀三星大廈第二期,中壢區福星六街
727,富都名園,中壢區福華街
728,太硯典藏社區管理委員會,中壢區福達路一段
729,忠福綠谷管理負責人,中壢區福壽一街
730,麗都花園廣場大廈,中壢區福壽一街
731,儒林世家公寓大廈,中壢區福壽九街
732,星墅管理負責人簡正結,中壢區福壽二街
733,琉森園管理委員會,中壢區福壽十一街
734,華廈社區管理負責人 李娟,中壢區福德里成章二街
735,名馳雋詠社區管理委員會,中壢區福嶺路
736,陽光麗墅CD區管理委員會,中壢區福嶺路二段
737,逸品社區管理負責人,中壢區福嶺路二段
738,世界MRT大廈管理委員會,中壢區領航北路一段
739,至遠公寓大廈管理負責人,中壢區領航北路二段
740,經典名品社區管理委員會,中壢區領航北路二段
741,東京線上社區管理管員會,中壢區領航北路二段
742,新世紀特區管理委員會,中壢區領航北路二段
743,領秀公寓社區管理委員會,中壢區領航北路二段
744,宜誠僑峰社區管理委員會,中壢區領航南路一段
745,晶品居管理負責人,中壢區領航南路二段
746,育嘉京品管理負責人 溫福常,中壢區領航南路四段
747,日安天下管理委員會,中壢區廣州路
748,東京都,中壢區廣州路
749,金鑽大樓,中壢區潮州街
750,凱悅春天社區管理委員會,中壢區篤行里10鄰
751,新麓金鑽社區管理負責人,中壢區篤行里4鄰
752,哈佛學舍管理負責人 鄒靜珠,中壢區興仁里13鄰
753,元智領袖會館管理負責人,中壢區興仁路二段
754,元智天下管理委員會,中壢區興仁路二段
755,寶島金鑽社區,中壢區興仁路二段
756,金璽傳家管理委員會,中壢區興仁路二段
757,金鑽名第社區,中壢區興仁路二段
758,新青年城,中壢區興仁路二段
759,青年城住戶管理委員會,中壢區興仁路二段
760,福興大樓社區管理委員會,中壢區興仁路二段
761,五久行館管理負責人,中壢區興仁路二段
762,六二行館管理委員會,中壢區興仁路二段
763,綠地芳庭,中壢區興仁路二段
764,鼎藏晶華二期社區管理委員會,中壢區興仁路二段
765,真愛美墅二區管理委員會,中壢區興仁路二段
766,真愛美墅三區管理委員會,中壢區興仁路二段
767,鼎藏晶華社區管理委員會,中壢區興仁路二段
768,中壢市翡翠大地,中壢區興仁路二段
769,翡翠大地,中壢區興仁路二段
770,真愛美墅一區管理委員會,中壢區興仁路二段
771,元智小博士,中壢區興仁路二段
772,綠第芳庭管理委員會,中壢區興仁路二段
773,元智生活會館社區,中壢區興仁路二段
774,花園宮庭管理委員會,中壢區興平路
775,新西華社區管理委員會,中壢區興安一街
776,元智大富翁社區管理委員會,中壢區興安一街
777,富山居社區管理委員會,中壢區興和里13鄰
778,錦繡傳家社區管理負責人,中壢區興和里18鄰
779,富俋悅府一期管理委員會,中壢區興和里6鄰中豐北路一段
780,馥邑庭園社區管理委員會,中壢區興和里
781,壢都大廈,中壢區興和路
782,海華國際會館管理委員會,中壢區興南里18鄰
783,福運企業大樓,中壢區興南里延平路
784,陽明商業大樓,中壢區興隆三街
785,金旺大廈管理負責人,中壢區興農路
786,德興大樓管理委員會,中壢區興農路
787,南亞國寶管理委員會,中壢區龍川二街
788,高誠富築社區管理委員會,中壢區龍川五街
789,逸墅達人第二期住戶管理委員會,中壢區龍川五街
790,大樹風雅社區,中壢區龍川四街
791,優活賞社區管理委員會,中壢區龍川四街
792,雅苑社區管理委員會,中壢區龍川四街
793,福星大第公寓大廈,中壢區龍川街
794,龍興進寶社區管理委員會,中壢區龍川街
795,益展詠富社區管理委員會,中壢區龍仁路
796,世佳堡花園別墅管理委員會,中壢區龍文街
797,世佳堡公寓大廈管理委員會,中壢區龍文街
798,羅浮宮二期管理委員會,中壢區龍文街
799,馨園二期管理委員會,中壢區龍吉二街
800,龍行天下公寓大廈,中壢區龍吉二街
801,元邦華府C區,中壢區龍安三街
802,澤苑聖宅NO.8期社區管理委員會,中壢區龍安五街
803,翰林華城社區管理委員會,中壢區龍安六街
804,太子鎮社區,中壢區龍和一街
805,中壢新都公寓大廈,中壢區龍和一街
806,福欣園邸社區,中壢區龍和三街
807,太子盛世社區,中壢區龍和三街
808,龍門別莊,中壢區龍岡里9鄰
809,尊爵家園管理負責人,中壢區龍岡路一段
810,錦苑公寓大廈管理委員會,中壢區龍岡路一段
811,帝璽社區管理委員會,中壢區龍岡路二段
812,雯福公寓大廈管理負責人莊在福,中壢區龍岡路二段
813,學府新貴公寓大廈管理委員會,中壢區龍岡路二段
814,傳世紀社區,中壢區龍岡路二段
815,北帝國皇家宮廷,中壢區龍岡路二段
816,清雲小富翁公寓大廈管理委員會,中壢區龍岡路二段
817,宜誠天裔社區管理委員會,中壢區龍岡路三段
818,宜誠璽悅社區管理委員會,中壢區龍岡路三段
819,溫馨雅築管理委員會,中壢區龍岡路三段
820,永昶城大樓,中壢區龍岡路三段
821,龍興園邸B區管理負責人,中壢區龍岡路三段
822,龍興園邸A區管理負責人,中壢區龍岡路三段
823,綠野庭園公寓大廈管理負責人江庭秀,中壢區龍岡路三段
824,金福星大廈,中壢區龍岡路三段
825,歐洲藝術社區管理負責人,中壢區龍岡路三段
826,龍昌富邑管理委員會,中壢區龍昌路
827,文心園公寓大廈管理負責人,中壢區龍昌路
828,富蔗村A區社區管理委員會,中壢區龍昌路
829,橘浧公寓管理負責人,中壢區龍昌路
830,南亞寶座社區管理委員會,中壢區龍昌路
831,新世紀社區,中壢區龍東里16鄰
832,南亞學墅管理負責人,中壢區龍東里3鄰
833,墅之境社區管理委員會,中壢區龍東里8鄰
834,新世界社區,中壢區龍東路
835,鼎福花鄉社區管理委員會,中壢區龍東路
836,南亞狀元住戶管理委員會,中壢區龍東路
837,南亞都會精品社區,中壢區龍東路
838,京鑽二區管理委員會,中壢區龍東路
839,璞石二期社區管理委員會,中壢區龍東路
840,龍崗城管理委員會,中壢區龍東路
841,龍門印象管理委員會,中壢區龍門街
842,龍德尊品社區,中壢區龍勇街
843,龍興學墅管理委員會,中壢區龍勇路
844,柏德廣場哈佛區公寓大廈,中壢區龍南路
845,麒麟桂冠社區,中壢區龍泉街
846,龍泉宮庭大廈,中壢區龍泉街
847,雙星,中壢區龍泉街
848,中壢市名人藝墅管理委員會,中壢區龍清街
849,馨園社區管理委員會,中壢區龍清街
850,太子國際村社區管理委員會,中壢區龍慈路
851,欣桃天然氣股份有限公司管理負責人,中壢區龍慈路
852,欣揚華府管理負責人,中壢區龍慈路
853,邦捷雲邸社區管理委員會,中壢區龍德里20鄰
854,囍來登社區管理委員會,中壢區龍興路
855,狀元府,中壢區龍興路
856,環東小貴族公寓大廈管理委員會,中壢區環中東路
857,環中音樂季社區,中壢區環中東路
858,環中愛樂社區,中壢區環中東路
859,SMART大廈,中壢區環中東路
860,依莎城堡社區,中壢區環中東路
861,北帝國觀天社區,中壢區環中東路
862,環東大街社區,中壢區環中東路
863,太陽帝國大廈,中壢區環中東路
864,鴻運金麒麟社區,中壢區環中東路
865,翰林廣場大廈管理委員會,中壢區環中東路
866,四季御花園管理負責人,中壢區環中東路
867,華志環中大樓管理負責人,中壢區環中東路
868,羅馬天下大樓,中壢區環北路
869,海華國際之星大廈管理委員會,中壢區環北路
870,凱撒雙星管理委員會,中壢區環北路
871,名第大廈,中壢區環北路
872,星廈大廈管理委員會,中壢區環北路
873,昇捷昇公?社區管理委員會,中壢區環西路二段
874,法國香榭公寓大廈管理委員會,中壢區環西路二段
875,宏國中壢新城公寓大廈管理委員會,中壢區環西路二段
876,法國之星社區管理委員會,中壢區環西路二段
877,世界1社區管理委員會,中壢區環西路二段
878,興園華廈管理負責人,中壢區環西路二段
879,藝墅,中壢區雙福路
880,二十一世紀,中壢區蘇州二街
881,普忠大道社區管理委員會,中壢區仁愛里22鄰普忠路591號
882,花田囍市社區管理委員會,中壢區月眉里5鄰環保路281號
883,泊林社區管理委員會,中壢區月眉里8鄰月眉路三段238號
884,呂素秋管理負責人,中壢區洽溪里13鄰永信路151號
885,呂游居管理負責人,中壢區洽溪里7鄰永信路213號
886,中原學景管理負責人,中壢區普忠里8鄰實踐路76號
887,墅里苑社區管理委員會,中壢區月眉路三段398-11號
888,傳世一品苑二期社區,中壢區永興里9鄰永嘉街43號
889,太子世界B棟管理委員會,中壢區金峰五街21巷13號
890,LINE新家社區管理委員會,中壢區福嶺路二段61號
891,文華漾社區管理委員會,中壢區龍陵路197號
892,湯城世紀社區管理委員會,中壢區中華路一段783巷10號
893,山東大院社區管理委員會,中壢區山安路100巷8號
894,靚宅管理負責人,中壢區中華路一段611號
895,西雅圖社區管理委員會,中壢區民溪七路37號
896,玉荷公寓大廈管理委員會,中壢區民溪三路135巷85號
897,公卿世家社區大樓管理委員會,中壢區健行路127號
898,中壢京采社區管理委員會,中壢區新興路236號
899,一心公寓管理負責人,中壢區龍岡路3段243巷61號
900,合信社區管理委員會,中壢區中華路1段644巷41弄1號
901,合眾內壢商場管理負責人,中壢區中華路一段665號
902,翰林貴族社區管理委員會,中壢區光明里36鄰白馬莊75之5-6號
903,RichOne社區管理委員會,中壢區青埔里15鄰高鐵站前西路2段57號
904,天翔社區管理委員會,中壢區華美三路353號
905,以馬內利管理負責人,中壢區榮安五街72號
906,泳嘉管理負責人,中壢區民族路六段576巷5號
907,宏惠光電廠辦大樓管理負責人,中壢區安東路5號
908,聯上世紀社區管理委員會,中壢區青埔里4鄰青商路28號
909,金吉社區管理負責人,中壢區福星六街30號
910,青青墅管理負責人,中壢區大圳路一段96巷26號
911,京沅綻社區管理委員會,中壢區松勇路126號
912,海華國際星鑽社區管理委員會,中壢區新街里15鄰七和路101號
913,萬曜典藏社區管理委員會,中壢區龍昌里4鄰龍川六街106巷13號等
914,富川詠社區管理委員會,中壢區中園路187巷7號
915,政芳社區管理負責人,中壢區信義里19鄰福州路163號
916,吉富捷靜公寓大廈管理委員會,中壢區高鐵南路三段727巷100號
917,康鈞湛社區管理委員會,中壢區陸光五街69號
918,藍海帝國N5管理委員會,中壢區過嶺里19鄰松勇三街50號
919,青埔HOME1社區管理委員會,中壢區洽溪里6鄰永園路410號
920,KHS莊園社區管理委員會,中壢區過嶺里3鄰福嶺路95巷66弄28號
921,十勝公寓大廈管理委員會,中壢區大華路28之5號
922,黃金屋管理委員會,中壢區幸福里福星五街61號
923,赫力管理負責人,中壢區長春二路136號
924,歡喜管理委員會,中壢區普忠里大仁一街23號
925,九福雙子星管理委員會,中壢區普強里大勇三街26之1號
926,竹風青庭社區管理委員會,中壢區領航北路一段296號
927,彩虹公寓大廈管理負責人,中壢區永福里中福二段10巷8號
928,心城堡社區管理負責人,中壢區陸光二街15號
929,迦綮精工管理負責人,中壢區中正路四段322號
930,合遠大學城向陽館社區管理委員會,中壢區興仁路2段331號
931,萬寶鎮E區管理委員會,中壢區龍昌路238巷50號
932,勝利天廈管理委員會,中壢區中山路88號
933,興邦大樓管理負責人,中壢區西園路17號
934,勤樸悅圓社區管理委員會,中壢區育樂路32號
935,松平硯管理委員會,中壢區過嶺里松平一街6號
936,環東明珠社區管理委員會,中壢區榮安一街295巷11號
937,禾企居管理委員會,中壢區永能路332號等
938,內壢之心社區管理委員會,中壢區長興街150巷19號
939,站前A+社區管理委員會,中壢區青雲路100號
940,幸福悅社區管理委員會,中壢區新生路三段888號
941,京松社區管理委員會,中壢區龍興路606號
942,和晏管理負責人,中壢區中山路426號
943,海川蘊2社區管理委員會,中壢區仁美里22鄰仁慈路350巷60號
944,明日禾禾社區管理委員會,中壢區芝芭里領航南路一段221號
945,日勝林森管理負責人,中壢區金三街45巷1號
946,國際金融雙星管理委員會,中壢區高鐵站前西路一段268號
947,皇樓景堡管理委員會,中壢區高鐵站前東路二段112號
948,和耀家社區管理委員會,中壢區復華十一街51號
949,中麗心閱三品公寓大廈管理委員會,中壢區中正里榮民路285巷24弄26號
950,合硯光合硯社區管理委員會,中壢區忠福里南園二路296巷21號
951,竹風青田社區管理委員會,中壢區洽溪里永園路一段100號
952,中悅柏軒社區管理委員會(木百),中壢區青埔里高鐵站前西路二段23號
953,青墨集大廈管理委員會,中壢區洽溪里洽溪路175號
954,樂居社區管理委員會,中壢區內定11街13巷1號
955,姜秀瑛管理負責人,中壢區自強里富國街48號
956,龍鑫悅NO18管理負責人,中壢區幸福里福壽六街59號
957,巨暉社區管理負責人,中壢區莊敬里國強路121號
958,民權大亨社區管理委員會,中壢區永光里民權路三段15巷105號
959,祥瑞石股份有限公司管理負責人,中壢區東興里1鄰新興路286號
960,佳泰世田谷社區管理委員會,中壢區青商路308號等
961,昭揚君逸社區管理委員會,中壢區陸光六街55號
962,合康新天王社區管理委員會,中壢區復興里長樂二街109號
963,寶月社區管理負責人,中壢區新中北路441號
964,昭揚君馥社區管理委員會,中壢區新明里新榮街35號
965,臻美社區管理委員會,中壢區過嶺里松信路117號
966,吾居吾墅社區管理委員會,中壢區過嶺里福田路609號
967,聖德家園管理委員會,中壢區龍安街22巷6號
968,萬寶鎮社區管理委員會,中壢區龍昌路254號
969,富達別墅社區管理委員會,中壢區成功里仁和街41巷14號
970,璞玉雅筑管理委員會,中壢區普忠里新中一街22之1號
971,亞洲廣場社區管理委員會,中壢區中美路二段157號
972,琴海社區管理委員會,中壢區永春路169號
973,將帥管理負責人,中壢區自治里29鄰陸光一街33號
974,快樂家庭管理委員會,中壢區忠福里中福路196號等
975,松翫社區管理負責人,中壢區松義一街73號
976,T1站前之星管理委員會,中壢區青埔里2鄰青峰路一段35號
977,六官管理負責人,中壢區陸光一街35號
978,富郁社區管理委員會,中壢區月眉里圓光路一段192號等
979,宜雄瓏耀社區管理委員會,中壢區過嶺里松勇路37號
980,儒林園社區管理委員會,中壢區力行北街53號
981,鳴暘富海二期社區,中壢區仁美里榮民南路578巷98弄9號
982,尊騰美術社區管理委員會,中壢區芝芭里文智路72號等
983,合悅緣社區管理委員會,中壢區復興里復華九街96號
984,華邑萬象管理委員會,中壢區中山路255號等
985,慶賀真鑽社區管理委員會,中壢區吉林路109號
986,冠德青璞匯管理委員會,中壢區芝芭里13鄰高鐵南路二段352號等
987,合康優世代社區,中壢區長樂二街130號
988,浪漫貴族公寓大廈,中壢區仁義里中園路93號
989,立鴻皇郡社區管理委員會,中壢區內厝里3鄰高鐵南路四段330巷29弄1號等
990,黃家大廈管理負責人,中壢區五權里21鄰五族三街25號等
991,富比仕管理負責人,中壢區內厝里9鄰中正路四段26巷21號等
992,宜誠有余社區管理委員會,中壢區青埔里15鄰青溪路一段301號等
993,幸福世家No.2社區管理委員會,中壢區三民里11鄰三民一路295號等
994,囍宿社區管理委員會,中壢區大華路111號
995,吉林華廈管理委員會,中壢區文化里10鄰吉林二路61巷11號
996,翰築攬翠社區管理委員會,中壢區月眉里7鄰聖德路二段385號等
997,一品閣社區管理委員會,中壢區芝芭里12鄰高鐵南路二段265號
998,捷寶雲品社區管理委員會,中壢區青埔里14鄰高鐵站前東路二段150號等
999,和耀家Ⅱ管理委員會,中壢區復華十一街50號
1000,山豐青釀管理委員會,中壢區山東里11鄰月桃路二段535號
1001,第一銀行中壢大樓管理負責人,中壢區中建里11鄰中正路146號等
1002,明漾二期社區管理委員會,中壢區明德里8鄰珠江街53號
1003,新潤A18社區管理委員會,中壢區青埔里2鄰春德路291號等
1004,璞園的家社區管理委員會,中壢區青埔里2鄰領航南路三段255號等
1005,成家大璽社區管理委員會,中壢區青埔里3鄰領航南路四段35號等
1006,大睦森悅社區管理委員會,中壢區青埔里4鄰青埔二街161號等
1007,藏韻宏觀管理委員會,中壢區洽溪里6鄰民權路四段475號等
1008,璟都Vpark社區管理委員會,中壢區洽溪里6鄰永裕路11號等
1009,百川文哲社區管理委員會,中壢區五權里21鄰五族二街119號等
1010,京品墅管理負責人,中壢區月眉里2鄰崇德二路556-1號等
1011,即富捷靜公寓大廈管理委員會,中壢區芝芭里2鄰東芝路一段136號等
1012,誠鑫One社區管理委員會,中壢區洽溪里6鄰民權路四段561號等
1013,瀧翔社區管理負責人,中壢區普忠里新中一街26號
1014,瀧翔社區管理負責人,中壢區新中一街36號
1015,青昇商辦管理負責人,中壢區青昇路237號
1016,林森社區管理委員會,中壢區新興里吳鳳一街31號
1017,昭揚君悅社區管理委員會,中壢區自治里強國路45號
1018,太子松馥社區管理委員會,中壢區過嶺里松勇路56號
1019,吉賀居6社區管理委員會,中壢區中壢區過嶺里過嶺路一段232號
1020,河烝商業大樓(管理負責人),中壢區東興里2鄰中北路二段203號
1021,新天地社區管理委員會,中壢區青埔四街36號
1022,學府吉第管理委員會,中壢區新興里林森路160號
1023,龍騰富御社區管理委員會,中壢區元化路236號
1024,鴻福大境社區管理委員會,中壢區內定二十二街176號
1025,明日朗朗社區管理委員會,中壢區永泰路83號等
1026,昭揚君(悅)社區管理委員會,中壢區自治里強國路45號
1027,青朗社區管理委員會,中壢區青埔四街163號
1028,中原名廬管理委員會,中壢區新中一街25巷10號
1029,奧萬大社區管理委員會,中壢區水尾里永清街一段139巷11號
1030,展志學社區管理委員會,中壢區成功里成章二街420號
1031,冠德青璞匯商場管理負責人,中壢區芝芭里高鐵南路二段352號
1032,三鶯鼎硯社區管理委員會,中壢區後寮里25鄰龍慈路198號
1033,龍騰漾公寓大廈管理委員會,中壢區新街里慈惠三街72號
1034,佳泰超級郡社區管理委員會,中壢區過嶺里松信路36號
1035,宜雄翔耀社區管理委員會,中壢區過嶺里松義路100號
1036,深耕A21社區管理委員會,中壢區興平里中豐北路51號
1037,龍岡森林管理委員會,中壢區龍岡路三段262巷197弄7號
1038,青松小棧管理委員會,中壢區龍興里龍仁路3巷29號
1039,享青松社區管理委員會,中壢區青埔里6鄰青松街317號
1040,安琪兒社區管理負責人,中壢區環西路二段255號
1041,日勝新天地5管理委員會,中壢區內定里內定二街636巷27號
1042,鉑水漾社區管理委員會,中壢區華勛里華美三路321號
1043,王品寵物用品有限公司管理負責人,中壢區過嶺里4鄰高鐵南路四段815號
1044,行健大樓管理負責人,中壢區永福里7鄰中園路168-1號
1045,鴻福帝景社區管理委員會,中壢區永福里西園路116號
1046,樺龍上府社區管理委員會,中壢區芝芭里永園路358號
1047,旺福晶鑽管理負責人,中壢區華勛里9鄰晉元路138號
1048,亞城立豐管理負責人,中壢區忠義里中華路二段201號
1049,英倫花園社區管理委員會,中壢區領航南路四段109號
1050,原宿飯店宅社區管理負責人,中壢區協同街80號
1051,青境美墅社區管理委員會,中壢區水尾里永清街一段161號
1052,一品墅社區管理委員會,中壢區水尾里永清街一段75巷2號
1053,江岸拓美管理負責人,中壢區光明里光輝二街21號
1054,劉公館管理負責人,中壢區新明里中央西路二段208號
1055,幸福公園6社區管理委員會,中壢區過嶺里松義路179號
1056,大清六藝社區管理委員會,中壢區三民里三民一路260號
1057,群邑皇冠社區管理委員會,中壢區五權里正光街180號
1058,政東管理負責人,中壢區忠信路15號
1059,皇居禾昇社區管理委員會,中壢區青埔里青埔四街177號
1060,青塘四季社區管理委員會,中壢區青溪里永能路231號
1061,鼎藏文星社區管理委員會,中壢區洽溪里永順一街156號
1062,松御苑管理負責人,中壢區過嶺里松仁路38號
1063,大清大疆戶社區管理委員會,中壢區中園路2段46巷339弄23號
1064,松德大苑社區管理委員會,中壢區松德路82號
1065,麗墅社區管理負責人,中壢區高鐵南路三段831巷40號
1066,合悅璇社區管理委員會,中壢區復華十一街67號
1067,泳達御墅社區管理委員會,中壢區大圳路二段193巷46號
1068,吉富御管理委員會,中壢區過嶺里20鄰松信路139號
1069,忻津知公寓大廈管理委員會,中壢區正大街29號
1070,根雲住宅管理負責人,中壢區青埔一街56號
1071,玖都森學園社區管理委員會,中壢區領航北路二段268號
1072,宏星馥苑管理負責人,中壢區興平里中豐北路21號等
1073,金典名邸管理委員會,中壢區中榮里中原路7號
1074,新森活社區管理委員會,中壢區永昌路133號
1075,鋒橋笙合社區管理委員會,中壢區芝芭里圓光路138號
1076,良茂詠恆恆美館社區管理委員會,中壢區青埔里青商路56號等
1077,青埔城家管理委員會,中壢區山東路218巷27號
1078,鼎富雅居管理負責人,中壢區健行路45巷30號
1079,植青墅社區管理委員會,中壢區月桃路二段506巷78號
1080,故鄉緣社區管理委員會,中壢區東興里東昇街9號
1081,家瑞管理負責人,中壢區龍川三街59號
1082,國王城堡社區管理委員會,中壢區龍岡路三段106號
1083,御楓經典管理負責人,中壢區成章二街539巷12號
1084,幸福日光管理負責人,中壢區元生三街99號
1085,新京站社區管理委員會,中壢區高鐵站前東一段91號
1086,鼎藏麗星社區管理委員會,中壢區永順一街212號
1087,益百代管理負責人,中壢區中豐路363號
1088,國泰青埔資訊大樓管理負責人,中壢區青埔路二段111號
1089,築園心田社區管理委員會,中壢區過嶺里5鄰福達路二段385號
1090,威均天翔社區管理委員會,中壢區領航南路三段468號
1091,鼎藏帝苑社區管理委員會,中壢區延平路353巷69號
1092,兆山辰公司管理負責人,中壢區東園二路6號
1093,日和花園社區管理委員會,中壢區青商路283號
1094,映山富御管理負責人,中壢區龍陵路157號
1095,金火華廈管理委員會,中壢區龍岡路三段162號
1096,悠活居社區管理委員會,中壢區晉元路337巷66號
1097,環東大道社區管理委員會,中壢區榮安五街3號
1098,祥暉大廈管理負責人,中壢區復華街186巷17弄26號
1099,鼎富香榭管理負責人,中壢區圓光路一段86號
1100,青沐詩藏管理委員會,中壢區洽溪里永春路143號等
1101,民權青塘管理負責人,中壢區永能路92號
1102,光明無限社區管理委員會,中壢區光明里光輝街26號
1103,星文華廈管理負責人,中壢區百韜一街26號
1104,艷陽財經大樓管理委員會,中壢區新興路102巷11號
1105,世紀星鑽管理委員會,中壢區新興路86之5號
1106,聯上3Q社區管理委員會,中壢區領航北路二段226號
1107,環宇大樓管理委員會,中壢區大同路31號
1108,鉑樂社區管理委員會,中壢區山東里9鄰山東一路35號
1109,富比仕8社區管理委員會,中壢區民權路5段23號
1110,恆靚公寓大廈管理委員會,中壢區龍川三街63號
1111,龍岡京鑽管理負責人,中壢區龍岡路三段668巷25號
1112,得一居管理負責人,中壢區龍東路559號
1113,鼎藏青境社區管理委員會,中壢區龍慈路93號
1114,金園大廈管理委員會,中壢區成章一街10之1號
1115,大睦微風社區管理委員會,中壢區青埔四街189號
1116,立冠敦皇9中壢社區管理委員會,中壢區福安二街96號
1117,麗晶大樓公寓大廈管理委員會,中壢區中豐路36號
1118,之春社區管理委員會,中壢區內厝五路58號-70號
1119,宜雄大名鑄社區管理委員會,中壢區文智路52號
1120,松桐匯社區管理委員會,中壢區高鐵南路五段888號
1121,站前首席社區管理委員會,中壢區青峰路2段57號
1122,威均晶鑽社區管理委員會,中壢區高鐵南路二段333號
1123,冠順社區管理負責人,中壢區領航北路二段229號
1124,聯上青塘吾疆社區管理委員會,中壢區洽溪路117號
1125,大華宮廷社區管理委員會,中壢區福德路96號
1126,元智大學教授宿舍管理負責人,中壢區遠東路81巷15號
1127,大睦仁愛匯社區管理委員會,中壢區領航南路75號
1128,敦陽富御社區管理委員會,中壢區永清街281巷36號
1129,惠我堂華美居管理負責人,中壢區青松街171號
1130,歡天喜地社區管理負責人,中壢區仁美里中山東路三段115巷64號
1131,豐盈畔社區管理委員會,中壢區龍慈里龍和二街370號
1132,帝堡莊公寓大廈管理委員會,中壢區大莊路96巷51弄51號
1133,有境社區管理委員會,中壢區領航南路四段178號
1134,金龍大第社區管理委員會,中壢區龍岡路二段411號
1135,文明安社區管理負責人,中壢區文化里吉林路129巷20號
1136,純品社區管理委員會,中壢區龍德里7鄰龍仁路60號
1137,百川豐硯社區管理委員會,中壢區中興里榮安八街86號
1138,傳世代社區管理委員會,中壢區德義里中山東路一段15號
1139,良茂詠恆詠美館社區管理委員會,中壢區領航南路二段368號
1140,貴族新第社區管理委員會,中壢區天祥二街9號
1141,富有社區管理負責人,中壢區南園二路332號
1142,柏宣ViVa社區管理委員會,中壢區文化里吉利七街56號
1143,靜秧社區管理委員會,中壢區松義三街33號
1144,櫻花緻社區管理委員會,中壢區青溪路一段27號
1145,鼎藏青庭社區管理委員會,中壢區後寮里中山東路三段118號等
1146,璞園那山階社區管理委員會,中壢區領航南路一段177號
1147,禾家社區管理委員會,中壢區圓光一路363號
1148,青之上河社區管理委員會,中壢區文發路7號
1149,紅不讓社區管理委員會,中壢區永明街25-39號
1150,誠佳品學社區管理委員會,中壢區民權路四段529號
1151,領航之星管理委員會,中壢區領航南路二段237號
1152,得意一生公寓大廈管理委員會,中壢區普忠里新中二街45-3號
1153,中原新世界公寓大廈管理委員會,中壢區普忠里新中二街10巷2號
1154,金陵世家社區管委會,中壢區新興里自忠街107號
1155,公園天廈管理委員會,中壢區正光路321號
1156,皇家特區管理負責人,中壢區三和一街2號
1157,白馬京城社區管理委員會,中壢區德義里永康三街43號
1158,天生贏家社區管理委員會,中壢區普仁里協同街46號
1159,天晴社區管理委員會,中壢區環西路二段25巷23號
1160,禾逸管理負責人,中壢區山東路938巷70號
1161,帝王新廈管理委員會,中壢區環北路107號
1162,詠陽河畔公寓大廈管理委員會,中壢區新興里金陵路259巷9號
1163,復華安康社區管理委員會,中壢區復華里復華街107巷12號
1164,故鄉儷景管理委員會,中壢區福壽九街9-1號
1165,RichOne2社區管理委員會,中壢區青埔二街137號
1166,資訊天廈管理委員會,中壢區中央里復興路71號
1167,君悅晶品社區管理委員會,中壢區和平里文成南街13巷13號
1168,萬源發L棟管理委員會,中壢區自信里莊敬路844號
1169,書香名門社區管理委員會,中壢區復華六街65號
1170,總督府第三期管理委員會,中壢區自治里21鄰陸光二街110號
1171,白金家園管理委員會,中壢區明德里吉長街21號
1172,凱田樂慕社區管理委員會,中壢區月山路282號
1173,公爵社區管理負責人,中壢區南園二路一巷12弄2號
1174,品信義社區管理委員會,中壢區信義里嘉興街23號
1175,松義美學社區管理委員會,中壢區松義路158號
1176,豐湛5社區管理委員會,中壢區松義二街71號
1177,振芳中壢工廠管理負責人,中壢區吉林路19號
1178,福源名第社區管理委員會,中壢區福星七街29號
1179,名翔大樓管理委員會,中壢區中央西路二段259號
1180,墅語苑社區管理委員會,中壢區月眉路三段162巷36弄9號
1181,甜蜜新家管委會,中壢區長樂四街27號
1182,柏宣VIVA2社區管理委員會,中壢區文化里吉利一街31-35號等
1183,林立寬和社區管理委員會,中壢區領航南路4段127號
1184,恩至大時代社區管理委員會,中壢區普慶里中山東路二段323巷19弄9號
1185,合悅齊社區管理委員會,中壢區復興里復華十一街88號
1186,中壢復興大樓管理委員會,中壢區復興路67號
1187,環中公寓大廈管理負責人,中壢區環中東路二段516號
1188,大清華疆社區管理委員會,中壢區中園路2段303巷65弄12號
1189,Onelife apartmen社區管理負責人,中壢區延平路90巷59號
1190,龍騰MRT社區管理委員會,中壢區中美路二段103號
1191,世界極社區管理委員會,中壢區高鐵北路二段76號
1192,映禾大墅社區管理委員會,中壢區內定16街288巷16號之3
1193,和洲好漾社區管理委員會,中壢區過嶺里14鄰松義二街28號
1194,潤隆國家大院管理委員會,中壢區青峰路一段71號
1195,翰林御園管理委員會,中壢區白馬莊117號
1196,丰城秀景社區管理委員會,中壢區青松街191號
1197,樺龍潮+社區管理委員會,中壢區高鐵南路三段738號
1198,藝術芳庭A棟管理委員會,中壢區福星三街43號
1199,美壢莊園社區管理委員會,中壢區龍川街8巷6~8號
1200,國王山莊社區管理委員會,中壢區山佳二路237號
1201,雅緻園財座管理委員會,中壢區利民路25之1號
1202,森巴黎11期管理委員會,中壢區自忠街63巷2號
1203,台達電子工業股份有限公司中壢區第五廠管理負責人,中壢區東園路16號
1204,樂森活社區管理委員會,中壢區執信一街58號
1205,新光中壢大樓公寓大廈管理負責人,中壢區環西路121號
1206,富第華夏管理委員會,中壢區幸福街91號
1207,謙成富玉社區管理委員會,中壢區月眉路565巷10弄13號
1208,鉅陞永麗花園社區管理委員會,中壢區青境路6號
1209,京美賦玉社區管理委員會,中壢區成章三街128號
1210,鼎藏青昕社區管理委員會,中壢區龍慈路42號
1211,深耕15期社區管理委員會,中壢區榮民路408號
1212,青山硯管理委員會,中壢區水青路500號
1213,?源心琚社區管理委員會,中壢區三芝路239巷50弄20號
1214,合雄天好韻社區管理委員會,中壢區永順街11號
1215,威均京悅社區管理委員會,中壢區青埔二街119號
1216,FUNHOUSE方好社區管理委員會,中壢區永順一街19號
1217,新成章社區管理委員會,中壢區成章三街148號
1218,威均建設機構大樓管理負責人,中壢區洽溪路57號
1219,三秀玥景社區管理委員會,中壢區文忠二路35巷26號
1220,健康城市社區管理委員會,中壢區榮安一街393巷9號
1221,醴寓社區管理委員會,中壢區福興一街88號
1222,策略中壢廠管理負責人,中壢區東園路21號
